Workbook

Sheet 幾何構造表
B1: 幾何構造 | H1: (設計速度V= | N1: 50 | P1: km/h) | T1: (第4種の道路= | Z1: FALSE | AC1: )
C2: 20 | D2: 30 | E2: 40 | F2: 50 | G2: 60 | H2: 80 | I2: 100 | J2: 120
B4: 項目 | F4: 単位 | I4: 標準値 | O4: 特例値 | U4: 使用値 | Y4: 判定 | AC4: 備考
B6: 最小曲線半径 | F6: m | I6: =CONCATENATE("(",HLOOKUP($N$1,データ!$B$1:$I$39,2),")") -> (150) | U6: =使用値!B1 -> 0 | Y6: =IF(U6<I7,"NG","OK") -> NG | AC6: （ ）内は望ましい値
I7: =HLOOKUP($N$1,データ!$B$1:$I$39,3) -> 100 | O7: =HLOOKUP($N$1,データ!$B$1:$I$39,4) -> 80
B8: 最小緩和曲線長 | F8: 〃 | I8: =HLOOKUP($N$1,データ!$B$1:$I$39,5) -> 40 | U8: =使用値!B2 -> 0 | Y8: =IF(U8<I8,"NG","OK") -> NG
B9: 緩和曲線を省略 | F9: 〃 | I9: =HLOOKUP($N$1,データ!$B$1:$I$39,6) -> 700 | O9: =HLOOKUP($N$1,データ!$B$1:$I$39,7) -> 350 | U9: =使用値!B3 -> 0 | Y9: =IF(U9<I9,"NG","OK") -> NG
B10: 出来る曲線半径
B11: 最小曲線長 | F11: 〃 | I11: =CONCATENATE("(",HLOOKUP($N$1,データ!$B$1:$I$39,8),"/θ)") -> (600/θ) | U11: =IF(N1<80,使用値!B4,使用値!B5) -> 0 | Y11: =IF(U11<I12,"NG","OK") -> NG | AC11: ( )内は交角が7°未満の場合
I12: =HLOOKUP($N$1,データ!$B$1:$I$39,9) -> 80 | AC12: なお、2°未満は2°とする
B13: 片勾配打切半径 | F13: 〃 | I13: =CONCATENATE("(",HLOOKUP($N$1,データ!$B$1:$I$39,10),")") -> (1000) | U13: =使用値!B6 -> 0 | Y13: =IF(U13<I14,"NG","OK") -> NG | AC13: （ ）内は1.5%
I14: =HLOOKUP($N$1,データ!$B$1:$I$39,11) -> 1300 | AC14: 直線部片勾配2.0%
B15: 片勾配摺付率 | I15: =CONCATENATE("1/",HLOOKUP($N$1,データ!$B$1:$I$39,12),"以下") -> 1/115以下 | U15: =使用値!B7 -> 0 | Y15: =IF(U15=0,"OK",IF(((LEFT(I15,FIND("/",I15)-1))/(MID(I15,FIND("/",I15)+1,FIND("以",I15)-FIND("/",I15)-1)))>=(LEFT(U15,FIND("/",U15)-1)/MID(U15,FIND("/",U15)+1,LEN(U15))),"OK","NG")) -> OK
B16: 最急縦断勾配 | F16: % | I16: =HLOOKUP($N$1,データ!$B$1:$I$39,13) -> 6 | O16: =IF(Z1=FALSE,HLOOKUP($N$1,データ!$B$1:$I$39,14),HLOOKUP($N$1,データ!$B$1:$I$39,15)) -> 9 | U16: =使用値!B8 -> 0 | Y16: =IF(O16>=U16,"OK","NG") -> OK | AC16: ( )内は第4種の道路の場合
B17: 特例値の縦断勾配を | F17: % | I17: =HLOOKUP($N$1,データ!$B$1:$I$39,16) -> 7 | M17: =HLOOKUP($N$1,データ!$B$1:$I$39,17) -> 8 | Q17: =HLOOKUP($N$1,データ!$B$1:$I$39,18) -> 9 | U17: =使用値!B9 -> 0 | Y17: -
B18: 使用した際の制限長 | F18: m | I18: =HLOOKUP($N$1,データ!$B$1:$I$39,19) -> 500 | M18: =HLOOKUP($N$1,データ!$B$1:$I$39,20) -> 400 | Q18: =HLOOKUP($N$1,データ!$B$1:$I$39,21) -> 300 | U18: =使用値!B10 -> 0 | Y18: -
B19: 縦断曲線 半径 | C19: 凸 | F19: 〃 | I19: =CONCATENATE("(",HLOOKUP($N$1,データ!$B$1:$I$39,22),")") -> (1200) | U19: =使用値!B11 -> 0 | Y19: =IF(U19<I20,"NG","OK") -> NG | AC19: （ ）内は望ましい値
I20: =HLOOKUP($N$1,データ!$B$1:$I$39,23) -> 800
C21: 凹 | F21: 〃 | I21: =CONCATENATE("(",HLOOKUP($N$1,データ!$B$1:$I$39,24),")") -> (1000) | U21: =使用値!B12 -> 0 | Y21: =IF(U21<I22,"NG","OK") -> NG | AC21: （ ）内は望ましい値
I22: =HLOOKUP($N$1,データ!$B$1:$I$39,25) -> 700
B23: 縦断曲線長 | F23: 〃 | I23: =HLOOKUP($N$1,データ!$B$1:$I$39,26) -> 40 | U23: =使用値!B13 -> 0 | Y23: =IF(U23<I23,"NG","OK") -> NG
B24: 視距 | F24: 〃 | I24: =HLOOKUP($N$1,データ!$B$1:$I$39,27) -> 55 | U24: =使用値!B14 -> 0 | Y24: =IF(U24<I24,"NG","OK") -> NG
B25: 合成勾配 | F25: % | I25: =HLOOKUP($N$1,データ!$B$1:$I$39,28) -> 11.5 | O25: =HLOOKUP($N$1,データ!$B$1:$I$39,29) -> 0 | U25: =使用値!B15 -> 0 | Y25: =IF(U25<I25,"NG","OK") -> NG
B26: 曲線半径と片勾配の値
B28: 片勾配の値(%) | D28: 2 | H28: 3 | L28: 4 | P28: 5 | T28: 6 | X28: 7 | AB28: 8 | AF28: 9 | AJ28: 10
B29: 曲線半径(m)
D30: =CONCATENATE(HLOOKUP($N$1,データ!$B$1:$I$39,31),"以上") -> 590以上 | H30: =CONCATENATE(HLOOKUP($N$1,データ!$B$1:$I$39,32),"以上") -> 410以上 | L30: =CONCATENATE(HLOOKUP($N$1,データ!$B$1:$I$39,33),"以上") -> 310以上 | P30: =CONCATENATE(HLOOKUP($N$1,データ!$B$1:$I$39,34),"以上") -> 240以上 | T30: =CONCATENATE(HLOOKUP($N$1,データ!$B$1:$I$39,35),"以上") -> 200以上 | X30: =CONCATENATE(HLOOKUP($N$1,データ!$B$1:$I$39,36),"以上") -> 160以上 | AB30: =CONCATENATE(HLOOKUP($N$1,データ!$B$1:$I$39,37),"以上") -> 130以上 | AF30: =CONCATENATE(HLOOKUP($N$1,データ!$B$1:$I$39,38),"以上") -> 100以上 | AJ30: =CONCATENATE(HLOOKUP($N$1,データ!$B$1:$I$39,39),"以上") -> 80以上
D32: =CONCATENATE(HLOOKUP($N$1,データ!$B$1:$I$39,30),"未満") -> 1300未満 | H32: =CONCATENATE(HLOOKUP($N$1,データ!$B$1:$I$39,31),"未満") -> 590未満 | L32: =CONCATENATE(HLOOKUP($N$1,データ!$B$1:$I$39,32),"未満") -> 410未満 | P32: =CONCATENATE(HLOOKUP($N$1,データ!$B$1:$I$39,33),"未満") -> 310未満 | T32: =CONCATENATE(HLOOKUP($N$1,データ!$B$1:$I$39,34),"未満") -> 240未満 | X32: =CONCATENATE(HLOOKUP($N$1,データ!$B$1:$I$39,35),"未満") -> 200未満 | AB32: =CONCATENATE(HLOOKUP($N$1,データ!$B$1:$I$39,36),"未満") -> 160未満 | AF32: =CONCATENATE(HLOOKUP($N$1,データ!$B$1:$I$39,37),"未満") -> 130未満 | AJ32: =CONCATENATE(HLOOKUP($N$1,データ!$B$1:$I$39,38),"未満") -> 100未満
B34: 第1、2、3種で積雪寒冷のはなはだしい地域は6%、積雪寒冷地は8%、その他の地域は10%、第3種で自転車道等を設置しない道路及び第4種の道路においては6%を最大片勾配とする。
B36: 曲線半径と拡幅量(1車線当たり)
B38: 拡幅量(m) | D38: 0.25 | H38: 0.5 | L38: 0.75 | P38: 1 | T38: 1.25 | X38: 1.5 | AB38: 1.75 | AF38: 2 | AJ38: 2.25
B39: 曲線半径(m) | D39: 90以上 | H39: 60以上 | L39: 45以上 | P39: 32以上 | T39: 26以上 | X39: 21以上 | AB39: 19以上 | AF39: 16以上 | AJ39: 15以上
D40: (150) | H40: (100) | L40: ( 70) | P40: ( 50)
D42: 160未満 | H42: 90未満 | L42: 60未満 | P42: 45未満 | T42: 32未満 | X42: 26未満 | AB42: 21未満 | AF42: 19未満 | AJ42: 16未満
D43: (280) | H43: (150) | L43: (100) | P43: ( 70)
B44: （ ）内は第1種、第2種、第3種1級、第4種1級の値を示す。

Sheet 使用値
A1: 最小曲線半径
A2: 最小緩和曲線長
A3: 緩和曲線を省略出来る曲線半径
A4: 最小曲線長（設計速度80km/h未満）
A5: 最小曲線長（設計速度80km/h以上）
A6: 片勾配打切半径
A7: 片勾配摺付率
A8: 最急縦断勾配
A9: 特例値の縦断勾配を使用した際の制限長%
A10: 特例値の縦断勾配を使用した際の制限長m
A11: 縦断曲線半径凸
A12: 縦断曲線半径凹
... A15: 合成勾配

Sheet データ
A1: 設計速度 | B1: 20 | C1: 30 | D1: 40 | E1: 50 | F1: 60 | G1: 80 | H1: 100 | I1: 120
A2: 最小曲線半径（望ましい値) | B2: 30 | C2: 65 | D2: 100 | E2: 150 | F2: 200 | G2: 400 | H2: 700 | I2: 1000
A3: 最小曲線半径（標準値) | B3: 15 | C3: 30 | D3: 60 | E3: 100 | F3: 150 | G3: 280 | H3: 460 | I3: 710
A4: 最小曲線半径（特例値) | B4: - | C4: - | D4: 50 | E4: 80 | F4: 120 | G4: 230 | H4: 380 | I4: 570
A5: 最小緩和曲線 | B5: 20 | C5: 25 | D5: 35 | E5: 40 | F5: 50 | G5: 70 | H5: 85 | I5: 100
A6: 緩和曲線省略可能な曲線半径（標準値） | B6: - | C6: - | D6: 500 | E6: 700 | F6: 1000 | G6: 2000 | H6: 3000 | I6: 4000
A7: 緩和曲線省略可能な曲線半径（特例値） | B7: 60 | C7: 130 | D7: 250 | E7: 350 | F7: 500 | G7: 900 | H7: 1500 | I7: 2100
A8: 最小曲線長(7°未満) | B8: 280 | C8: 350 | D8: 500 | E8: 600 | F8: 700 | G8: 1000 | H8: 1200 | I8: 1400
A9: 最小曲線長(7°以上) | B9: 40 | C9: 50 | D9: 70 | E9: 80 | F9: 100 | G9: 140 | H9: 170 | I9: 200
A10: 片勾配打ち切り半径(1.5％) | B10: 150 | C10: 350 | D10: 600 | E10: 1000 | F10: 1500 | G10: 2500 | H10: 4000 | I10: 5500
A11: 片勾配打ち切り半径(2.0％) | B11: 200 | C11: 500 | D11: 800 | E11: 1300 | F11: 2000 | G11: 3500 | H11: 5000 | I11: 7500
A12: 片勾配すりつけ率 | B12: 50 | C12: 75 | D12: 100 | E12: 115 | F12: 125 | G12: 150 | H12: 175 | I12: 200
A13: 最急縦断勾配(標準値) | B13: 9 | C13: 8 | D13: 7 | E13: 6 | F13: 5 | G13: 4 | H13: 3 | I13: 2
A14: 最急縦断勾配(特例値) | B14: 12 | C14: 11 | D14: 10 | E14: 9 | F14: 8 | G14: 7 | H14: 6 | I14: 5
A15: 最急縦断勾配(4種道路の特例値) | B15: 11 | C15: 10 | D15: 9 | E15: 8 | F15: 7 | G15: 6 | H15: 5 | I15: 4
D16: 8 | E16: 7 | F16: 6 | G16: 5 | H16: 4 | I16: 3
D17: 9 | E17: 8 | F17: 7 | G17: 6 | H17: 5 | I17: 4
D18: 10 | E18: 9 | F18: 8 | G18: 7 | H18: 6 | I18: 5
A19: 特例値の縦断勾配を使用した際の制限長 | B19: - | C19: - | D19: 400 | E19: 500 | F19: 500 | G19: 600 | H19: 700 | I19: 800
A20: 特例値の縦断勾配を使用した際の制限長 | B20: - | C20: - | D20: 300 | E20: 400 | F20: 400 | G20: 500 | H20: 500 | I20: 500
A21: 特例値の縦断勾配を使用した際の制限長 | B21: - | C21: - | D21: 200 | E21: 300 | F21: 300 | G21: 400 | H21: 400 | I21: 400
A22: 凸型縦断曲線半径（望ましい値) | B22: 200 | C22: 400 | D22: 700 | E22: 1200 | F22: 2000 | G22: 4500 | H22: 10000 | I22: 17000
A23: 凸型縦断曲線半径（標準値) | B23: 100 | C23: 250 | D23: 450 | E23: 800 | F23: 1400 | G23: 3000 | H23: 6500 | I23: 11000
A24: 凹型縦断曲線半径（望ましい値) | B24: 200 | C24: 400 | D24: 700 | E24: 1000 | F24: 1500 | G24: 3000 | H24: 4500 | I24: 6000
A25: 凹型縦断曲線半径（標準値) | B25: 100 | C25: 250 | D25: 450 | E25: 700 | F25: 1000 | G25: 2000 | H25: 3000 | I25: 4000
A26: 縦断曲線長 | B26: 20 | C26: 25 | D26: 35 | E26: 40 | F26: 50 | G26: 70 | H26: 85 | I26: 100
A27: 視距 | B27: 20 | C27: 30 | D27: 40 | E27: 55 | F27: 75 | G27: 110 | H27: 160 | I27: 210
A28: 合成勾配 | B28: 11.5 | C28: 11.5 | D28: 11.5 | E28: 11.5 | F28: 10.5 | G28: 10.5 | H28: 10 | I28: 10
B29: 12.5 | C29: 12.5
A30: 片勾配2％の曲線半径最大値 | B30: 200 | C30: 500 | D30: 800 | E30: 1300 | F30: 2000 | G30: 3500 | H30: 5000 | I30: 7500
A31: 片勾配2％の曲線半径最小値 | B31: 100 | C31: 220 | D31: 400 | E31: 590 | F31: 800 | G31: 1240 | H31: 1700 | I31: 2300
A32: 片勾配3％の曲線半径最小値 | B32: 70 | C32: 150 | D32: 280 | E32: 410 | F32: 560 | G32: 870 | H32: 1210 | I32: 1660
A33: 片勾配4％の曲線半径最小値 | B33: 50 | C33: 110 | D33: 210 | E33: 310 | F33: 420 | G33: 670 | H33: 930 | I33: 1280
A34: 片勾配5％の曲線半径最小値 | B34: 40 | C34: 80 | D34: 160 | E34: 240 | F34: 330 | G34: 540 | H34: 760 | I34: 1030
A35: 片勾配6％の曲線半径最小値 | B35: 30 | C35: 60 | D35: 130 | E35: 200 | F35: 270 | G35: 450 | H35: 640 | I35: 880
A36: 片勾配7％の曲線半径最小値 | B36: 20 | C36: 40 | D36: 100 | E36: 160 | F36: 230 | G36: 380 | H36: 550 | I36: 760
A37: 片勾配8％の曲線半径最小値 | B37: 15 | C37: 30 | D37: 80 | E37: 130 | F37: 190 | G37: 330 | H37: 480 | I37: 670
A38: 片勾配9％の曲線半径最小値 | D38: 65 | E38: 100 | F38: 150 | G38: 280 | H38: 430 | I38: 610
A39: 片勾配10％の曲線半径最小値 | D39: 50 | E39: 80 | F39: 120 | G39: 230 | H39: 380 | I39: 570
